mol1,mol2,rmsd
0.0,1.0,0.41373488698177474
0.0,2.0,0.4858541253500684
0.0,3.0,100.0
0.0,4.0,100.0
0.0,5.0,100.0
0.0,6.0,100.0
0.0,7.0,100.0
1.0,2.0,0.5120282299188497
1.0,3.0,100.0
1.0,4.0,100.0
1.0,5.0,100.0
1.0,6.0,100.0
1.0,7.0,100.0
2.0,3.0,100.0
2.0,4.0,100.0
2.0,5.0,100.0
2.0,6.0,100.0
2.0,7.0,100.0
3.0,4.0,0.0051789734032432885
3.0,5.0,100.0
3.0,6.0,100.0
3.0,7.0,100.0
4.0,5.0,100.0
4.0,6.0,100.0
4.0,7.0,100.0
5.0,6.0,100.0
5.0,7.0,100.0
6.0,7.0,100.0
