mol1,mol2,rmsd
0.0,1.0,100.0
0.0,2.0,1.3954645522807805
0.0,3.0,100.0
0.0,4.0,1.0410554652297337
0.0,5.0,100.0
0.0,6.0,100.0
0.0,7.0,100.0
1.0,2.0,100.0
1.0,3.0,100.0
1.0,4.0,100.0
1.0,5.0,100.0
1.0,6.0,100.0
1.0,7.0,100.0
2.0,3.0,100.0
2.0,4.0,1.6068956140532076
2.0,5.0,100.0
2.0,6.0,100.0
2.0,7.0,100.0
3.0,4.0,100.0
3.0,5.0,100.0
3.0,6.0,0.00792985862931367
3.0,7.0,100.0
4.0,5.0,100.0
4.0,6.0,100.0
4.0,7.0,100.0
5.0,6.0,100.0
5.0,7.0,100.0
6.0,7.0,100.0
